Fuel Loadings = tons / acre,,,,,,,,,,,,,,,,,,,,,,,,,,,,,,,,,,,,,,,,,,,,,,,,,,,,,
,,,,,,,,,,,,,,,,,,,,,,,,,,,,,,,,,,,,,,,,,,,,,,,,,,,,,
Macroplot,MonStatusOrd,MonStatus,OneHr,TenHr,HunHr,FineWood,ThSound,ThRotten,ThousandHourDc1Sz1,ThousandHourDc1Sz2,ThousandHourDc1Sz3,ThousandHourDc1Sz4,ThousandHourDc1Sz5,ThousandHourDc2Sz1,ThousandHourDc2Sz2,ThousandHourDc2Sz3,ThousandHourDc2Sz4,ThousandHourDc2Sz5,ThousandHourDc3Sz1,ThousandHourDc3Sz2,ThousandHourDc3Sz3,ThousandHourDc3Sz4,ThousandHourDc3Sz5,ThousandHourDc4Sz1,ThousandHourDc4Sz2,ThousandHourDc4Sz3,ThousandHourDc4Sz4,ThousandHourDc4Sz5,ThousandHourDc5Sz1,ThousandHourDc5Sz2,ThousandHourDc5Sz3,ThousandHourDc5Sz4,ThousandHourDc5Sz5,Th_3_6_Snd,Th_6_12_Snd,Th_12_20_Snd,Th_20_35_Snd,Th_35_50_Snd,Th_GT_50_Snd,Th_3_6_Rot,Th_6_12_Rot,Th_12_20_Rot,Th_20_35_Rot,Th_35_50_Rot,Th_GT_50_Rot,TotalWood,Duff,Litter,TotalAll,DuffDep,LittDep,TotDep,FuelBedDep
101,24,02Pre,0.103557219,0.940181967,8.19865728,9.242396467,0,15.1035984,0,0,0,0,0,0,0,0,0,0,0,0,0,0,0,3.0115008,5.531328,4.3482384,2.2125312,0,0,0,0,0,0,0,0,0,0,0,0,3.0115008,9.8795664,2.2125312,0,0,0,24.34599487,0,0,24.34599487,0.8,0,0.8,0
101,25,02Post,0.014283754,0.201467564,1.4135616,1.629312919,0,3.5646336,0,0,0,0,0,0,0,0,0,0,0,0,0,0,0,0,3.5646336,0,0,0,0,0,0,0,0,0,0,0,0,0,0,0,3.5646336,0,0,0,0,5.193946519,0,0,5.193946519,0.02,0,0.02,0
101,26,02yr01,0.085702526,0.335779274,0.56542464,0.98690644,4.975066368,2.6427456,0,0,0,0,0,0,0,0,0,0,0.214771968,2.5254144,2.23488,0,0,0,2.6427456,0,0,0,0,0,0,0,0,0.214771968,4.7602944,0,0,0,0,0,2.6427456,0,0,0,0,8.604718408,0,0,8.604718408,0.55,0,0.55,0
101,27,02yr02,0.221398193,2.014675644,1.13084928,3.366923117,2.5254144,3.764376,0,0,0,0,0,0,0,0,0,0,0,2.5254144,0,0,0,0,2.5198272,1.2445488,0,0,0,0,0,0,0,0,2.5254144,0,0,0,0,0,3.764376,0,0,0,0,9.656713517,0,0,9.656713517,0.17,0,0.17,0
101,31,03Post,0.121411912,0.940181967,1.4135616,2.47515548,0.9163008,1.6286688,0,0,0,0,0,0,0,0,0,0,0.9163008,0,0,0,0,0.38412,0,1.2445488,0,0,0,0,0,0,0,0.9163008,0,0,0,0,0,0.38412,1.2445488,0,0,0,0,5.02012508,0,0,5.02012508,0.07,0,0.07,0
101,32,03yr01,0.15355036,1.343117096,1.13084928,2.627516736,0.873,1.53648,0,0,0,0,0,0,0,0,0,0,0.873,0,0,0,0,0,0,1.53648,0,0,0,0,0,0,0,0.873,0,0,0,0,0,0,1.53648,0,0,0,0,5.036996736,0,0,5.036996736,0.76,0,0.76,0
101,33,03yr02,0.189259746,1.81320808,1.69627392,3.698741745,4.8217536,0.9833472,0,0,0,0,0,0,0,0,0,0,1.2627072,1.7487936,1.8102528,0,0,0,0.9833472,0,0,0,0,0,0,0,0,1.2627072,3.5590464,0,0,0,0,0,0.9833472,0,0,0,0,9.503842545,0,0,9.503842545,0.05,0,0.05,0
101,41,04Pre,0.074989711,0.940181967,1.97898624,2.994157918,12.4538688,1.4903856,0,0,0,0,0,0,0,0,0,0,1.2738816,3.938976,0,7.2410112,0,0.2458368,0,1.2445488,0,0,0,0,0,0,0,1.2738816,3.938976,7.2410112,0,0,0,0.2458368,1.2445488,0,0,0,0,16.93841232,0,0,16.93841232,0.06,0,0.06,0
101,42,04Post,0.124982851,1.67889637,2.26169856,4.065577781,13.99347763,0.5262444,0,0,0,0,0,0,0,0,0,0,2.201580288,1.831260672,6.06658176,3.894054912,0,0.5262444,0,0,0,0,0,0,0,0,0,2.201580288,7.897842432,3.894054912,0,0,0,0.5262444,0,0,0,0,0,18.58529981,0,0,18.58529981,0,0,0,0
101,43,04yr01,0.082131588,0.335779274,1.13084928,1.548760142,15.94653926,0,0,0,0,0,0,0,0,0,0,0,2.304608256,1.954179072,0,11.68775194,0,0,0,0,0,0,0,0,0,0,0,2.304608256,1.954179072,11.68775194,0,0,0,0,0,0,0,0,0,17.49529941,0,0,17.49529941,0.05,0,0.05,0
101,44,04yr02,0.174975991,0.805870258,0.56542464,1.546270889,15.23852928,0,0,0,0,0,0,0,0,0,0,0,3.50652672,0.8045568,7.092168192,3.835277568,0,0,0,0,0,0,0,0,0,0,0,3.50652672,7.896724992,3.835277568,0,0,0,0,0,0,0,0,0,16.78480017,0,0,16.78480017,0.41,0,0.41,0
101,45,04yr03,0.103557219,0.335779274,0.84813696,1.287473453,14.34815309,0,0,0,0,0,0,0,0,0,0,0,2.52317952,2.901097728,5.088598272,3.835277568,0,0,0,0,0,0,0,0,0,0,0,2.52317952,7.989696,3.835277568,0,0,0,0,0,0,0,0,0,15.63562654,0,0,15.63562654,0.86,0,0.86,0
101,46,04yr04,1.053426887,0.470090984,2.26169856,3.785216431,19.40591002,0,0,0,0,0,0,0,0,0,0,0,2.78466048,2.63939328,7.215533568,6.766322688,0,0,0,0,0,0,0,0,0,0,0,2.78466048,9.854926848,6.766322688,0,0,0,0,0,0,0,0,0,23.19112645,0,0,23.19112645,0.6,0,0.6,0
102,6,Control_15yr,0.164263176,1.880363934,0.56542464,2.61005175,1.3632768,9.6183648,0,0,0,0,0,0,0,0,0,0,0.55872,0.8045568,0,0,0,0.76824,0,0,0,8.8501248,0,0,0,0,0,0.55872,0.8045568,0,0,0,0,0.76824,0,0,8.8501248,0,0,13.59169335,0,0,13.59169335,0.185,0,0.185,0
102,8,Control_17yr,0.167834114,1.275961241,2.8271232,4.270918555,0.8045568,4.6401696,0,0,0,0,0,0,0,0,0,0,0,0.8045568,0,0,0,0.6299568,0.5531328,0,3.45708,0,0,0,0,0,0,0,0.8045568,0,0,0,0,0.6299568,0.5531328,3.45708,0,0,0,9.715644955,0,0,9.715644955,0.075,0,0.075,0
102,10,Control_19yr,0.239252886,2.014675644,3.39254784,5.64647637,1.899648,1.949178528,0,0,0,0,0,0,0,0,0,0,0,1.899648,0,0,0,0.704629728,0,1.2445488,0,0,0,0,0,0,0,0,1.899648,0,0,0,0,0.704629728,1.2445488,0,0,0,0,9.495302898,0,0,9.495302898,0,0,0,0
102,12,Control_21yr,0.164263176,1.141649532,0,1.305912707,7.713464832,0,0,0,0,0,0,0,0,0,0,0,1.427864832,1.25712,0,5.02848,0,0,0,0,0,0,0,0,0,0,0,1.427864832,1.25712,5.02848,0,0,0,0,0,0,0,0,0,9.019377539,0,0,9.019377539,0.15,0,0.15,0
102,14,Control_23yr,0.328526351,1.611740515,1.13084928,3.071116146,5.697156096,1.06093944,0,0,0,0,0,0,0,0,0,0,0.258352128,0,0,5.438803968,0,0.431597232,0.629342208,0,0,0,0,0,0,0,0,0.258352128,0,5.438803968,0,0,0,0.431597232,0.629342208,0,0,0,0,9.829211682,0,0,9.829211682,0.14,0,0.14,0
103,24,02Pre,0.103557219,0.940181967,4.80610944,5.849848627,5.7212928,18.0997344,0,0,0,0,0,0,0,0,0,0,0,0,0,5.7212928,0,1.997424,7.6516704,2.7810288,5.6696112,0,0,0,0,0,0,0,0,5.7212928,0,0,0,1.997424,10.4326992,5.6696112,0,0,0,29.67087583,0,0,29.67087583,0.32,0,0.32,0
103,25,02Post,0.022318366,0.167889637,1.0601712,1.250379203,0,6.7221,0,0,0,0,0,0,0,0,0,0,0,0,0,0,0,0,1.63251,2.323926,2.765664,0,0,0,0,0,0,0,0,0,0,0,0,0,3.956436,2.765664,0,0,0,7.972479203,0,0,7.972479203,0.0125,0,0.0125,0
103,26,02yr01,0.151764891,0.671558548,0.7067808,1.530104239,0,62.22744,0,0,0,0,0,0,0,0,0,0,0,0,0,0,0,0,0,0,0,62.22744,0,0,0,0,0,0,0,0,0,0,0,0,0,0,31.49784,30.7296,0,63.75754424,0,0,63.75754424,0.675,0,0.675,0
103,27,02yr02,0.138373871,1.846786007,1.766952,3.752111878,0,7.163838,0,0,0,0,0,0,0,0,0,0,0,0,0,0,0,0.787446,0.691416,1.9206,3.764376,0,0,0,0,0,0,0,0,0,0,0,0,0.787446,2.612016,3.764376,0,0,0,10.91594988,0,0,10.91594988,0.2,0,0.2,0
103,31,03Post,0.183010603,0.839448185,1.4135616,2.436020388,1.368864,0.691416,0,0,0,0,0,0,0,0,0,0,0,1.368864,0,0,0,0,0.691416,0,0,0,0,0,0,0,0,0,1.368864,0,0,0,0,0,0.691416,0,0,0,0,4.496300388,0,0,4.496300388,0.075,0,0.075,0
103,32,03yr01,0.169619584,2.098620463,1.4135616,3.681801646,0,1.267596,0,0,0,0,0,0,0,0,0,0,0,0,0,0,0,1.267596,0,0,0,0,0,0,0,0,0,0,0,0,0,0,0,1.267596,0,0,0,0,0,4.949397646,0,0,4.949397646,0,0,0,0
103,33,03yr02,0.799890246,2.081831499,2.8271232,5.708844945,17.0577216,1.8514584,0,0,0,0,0,0,0,0,0,0,2.2460544,4.1233536,2.23488,8.4534336,0,0.8681112,0.9833472,0,0,0,0,0,0,0,0,2.2460544,6.3582336,8.4534336,0,0,0,0.8681112,0.9833472,0,0,0,0,24.61802495,0,0,24.61802495,0.1,0,0.1,0
103,34,03yr03,0.207114439,2.148987354,3.67526016,6.031361952,33.3052992,0,0,0,0,0,0,0,0,0,0,0,0.2737728,5.5648512,0,3.7769472,23.689728,0,0,0,0,0,0,0,0,0,0,0.2737728,5.5648512,3.7769472,23.689728,0,0,0,0,0,0,0,0,39.33666115,0,0,39.33666115,0.07,0,0.07,0
103,37,03yr06,0.399945123,1.880363934,3.39254784,5.672856898,10.37207808,5.615680752,0,0,0,0,0,0,0,0,0,0,1.07497728,0,0,9.2971008,0,1.980830016,0,1.272359088,2.362491648,0,0,0,0,0,0,1.07497728,0,9.2971008,0,0,0,1.980830016,1.272359088,2.362491648,0,0,0,21.66061573,0,0,21.66061573,0.1,0,0.1,0
103,38,03yr07,0.117840974,3.022013466,2.54441088,5.68426532,7.47455616,4.581476064,0,0,0,0,0,0,0,0,0,0,1.824556032,0,0,5.650000128,0,0.935562672,0.841376448,2.804536944,0,0,0,0,0,0,0,1.824556032,0,5.650000128,0,0,0,0.935562672,3.645913392,0,0,0,0,17.74029754,0,0,17.74029754,0.73,0,0.73,0
103,39,03yr08,0.096415342,2.081831499,3.10983552,5.288082361,5.71794048,3.854106432,0,0,0,0,0,0,0,0,0,0,1.01910528,0,0,4.6988352,0,1.596710016,0.841376448,1.416019968,0,0,0,0,0,0,0,1.01910528,0,4.6988352,0,0,0,1.596710016,2.257396416,0,0,0,0,14.86012927,0,0,14.86012927,0.78,0,0.78,0
103,40,03yr09,0.667765518,2.484766628,4.2406848,7.393216946,2.743091712,4.127292576,0,0,0,0,0,0,0,0,0,0,0.810144,0,1.932947712,0,0,0.896843376,0,0,3.2304492,0,0,0,0,0,0,0.810144,1.932947712,0,0,0,0,0.896843376,0,3.2304492,0,0,0,14.26360123,0,0,14.26360123,0.375,0,0.375,0
104,6,Control_15yr,0.160692237,1.67889637,0.56542464,2.405013247,0,2.801924928,0,0,0,0,0,0,0,0,0,0,0,0,0,0,0,0.467704512,2.334220416,0,0,0,0,0,0,0,0,0,0,0,0,0,0,0.467704512,2.334220416,0,0,0,0,5.206938175,0,0,5.206938175,0.63,0,0.63,0
104,8,Control_17yr,0.192830684,1.007337822,1.97898624,3.179154746,0.9163008,3.6452988,0,0,0,0,0,0,0,0,0,0,0.9163008,0,0,0,0,0.1882188,0,1.2445488,2.2125312,0,0,0,0,0,0,0.9163008,0,0,0,0,0,0.1882188,1.2445488,2.2125312,0,0,0,7.740754346,0,0,7.740754346,0.115,0,0.115,0
104,10,Control_19yr,0.292816965,2.283299063,1.13084928,3.706965308,0.243378432,5.44758984,0,0,0,0,0,0,0,0,0,0,0.243378432,0,0,0,0,1.449515232,0.609828912,3.388245696,0,0,0,0,0,0,0,0.243378432,0,0,0,0,0,1.449515232,3.998074608,0,0,0,0,9.39793358,0,0,9.39793358,0.21,0,0.21,0
104,12,Control_21yr,0.142837544,1.477428806,0.56542464,2.18569099,4.28873472,2.40075,0,0,0,0,0,0,0,0,0,0,0.6760512,0.859087872,2.753595648,0,0,0,0,0,2.40075,0,0,0,0,0,0,0.6760512,3.61268352,0,0,0,0,0,0,2.40075,0,0,0,8.87517571,0,0,8.87517571,0.235,0,0.235,0
104,14,Control_23yr,0.642768948,2.820545902,1.13084928,4.59416413,2.904450048,0.789904368,0,0,0,0,0,0,0,0,0,0,0,0,2.904450048,0,0,0.789904368,0,0,0,0,0,0,0,0,0,0,2.904450048,0,0,0,0,0.789904368,0,0,0,0,0,8.288518546,0,0,8.288518546,0.23,0,0.23,0
105,24,02Pre,0.053564079,1.54458466,5.93695872,7.535107459,0,9.0959616,0,0,0,0,0,0,0,0,0,0,0,0,0,0,0,0.2458368,0,0,0,8.8501248,0,0,0,0,0,0,0,0,0,0,0,0.2458368,0,0,8.8501248,0,0,16.63106906,0,0,16.63106906,0.385,0,0.385,0
105,25,02Post,0.071418772,1.007337822,1.4135616,2.492318194,0,0.409728,0,0,0,0,0,0,0,0,0,0,0,0,0,0,0,0.409728,0,0,0,0,0,0,0,0,0,0,0,0,0,0,0,0.409728,0,0,0,0,0,2.902046194,0,0,2.902046194,0.216666667,0,0.216666667,0
105,26,02yr01,0.151764891,0.671558548,0,0.823323439,8.045568,0,0,0,0,0,0,0,0,0,0,0,0,0,0,8.045568,0,0,0,0,0,0,0,0,0,0,0,0,0,8.045568,0,0,0,0,0,0,0,0,0,8.868891439,0,0,8.868891439,0.6,0,0.6,0
105,27,02yr02,0.20532897,0.839448185,0,1.044777155,0.893952,0,0,0,0,0,0,0,0,0,0,0,0.893952,0,0,0,0,0,0,0,0,0,0,0,0,0,0,0.893952,0,0,0,0,0,0,0,0,0,0,0,1.938729155,0,0,1.938729155,0,0,0,0
105,31,03Post,0.065467208,1.007337822,0.4711872,1.54399223,0.9312,0,0,0,0,0,0,0,0,0,0,0,0.9312,0,0,0,0,0,0,0,0,0,0,0,0,0,0,0.9312,0,0,0,0,0,0,0,0,0,0,0,2.47519223,0,0,2.47519223,0.666666667,0,0.666666667,0
105,32,03yr01,0.221398193,1.208805386,0.84813696,2.27834054,0,3.9718008,0,0,0,0,0,0,0,0,0,0,0,0,0,0,0,0.3111372,0.6491628,0,3.0115008,0,0,0,0,0,0,0,0,0,0,0,0,0.3111372,0.6491628,3.0115008,0,0,0,6.25014134,0,0,6.25014134,0.27,0,0.27,0
105,33,03yr02,0.321384474,1.611740515,1.13084928,3.063974269,0,3.4916508,0,0,0,0,0,0,0,0,0,0,0,0,0,0,0,0.2458368,0.6491628,0,2.5966512,0,0,0,0,0,0,0,0,0,0,0,0,0.2458368,0.6491628,2.5966512,0,0,0,6.555625069,0,0,6.555625069,0.525,0,0.525,0
105,41,04Pre,0.135695667,0.604402693,1.13084928,1.87094764,0,6.91416,0,0,0,0,0,0,0,0,0,0,0,0,0,0,0,0.38412,0.9833472,0,5.5466928,0,0,0,0,0,0,0,0,0,0,0,0,0.38412,0.9833472,5.5466928,0,0,0,8.78510764,0,0,8.78510764,0.17,0,0.17,0
105,42,04Post,0.132124728,1.477428806,0.56542464,2.174978174,4.783984128,4.82224248,0,0,0,0,0,0,0,0,0,0,2.722307328,2.0616768,0,0,0,0.485681328,0,0,4.336561152,0,0,0,0,0,0,2.722307328,2.0616768,0,0,0,0,0.485681328,0,4.336561152,0,0,0,11.78120478,0,0,11.78120478,0.035,0,0.035,0
105,43,04yr01,0.13688598,0.223852849,1.4135616,1.774300429,6.2092416,0,0,0,0,0,0,0,0,0,0,0,4.8683136,1.340928,0,0,0,0,0,0,0,0,0,0,0,0,0,4.8683136,1.340928,0,0,0,0,0,0,0,0,0,0,7.983542029,0,0,7.983542029,0.208333333,0,0.208333333,0
105,44,04yr02,0.185688807,1.208805386,0.84813696,2.242631154,6.6040704,1.050337728,0,0,0,0,0,0,0,0,0,0,3.51770112,3.08636928,0,0,0,0.297462528,0.7528752,0,0,0,0,0,0,0,0,3.51770112,3.08636928,0,0,0,0,0.297462528,0.7528752,0,0,0,0,9.897039282,0,0,9.897039282,0.8,0,0.8,0
105,45,04yr03,0.217827255,0.805870258,1.13084928,2.154546792,2.199568896,3.983785344,0,0,0,0,0,0,0,0,0,0,2.199568896,0,0,0,0,1.237173696,0.887470848,1.8591408,0,0,0,0,0,0,0,2.199568896,0,0,0,0,0,1.237173696,2.746611648,0,0,0,0,8.337901032,0,0,8.337901032,0.6,0,0.6,0
105,46,04yr04,1.117703782,3.895039578,1.69627392,6.70901728,5.622064128,2.75874984,0,0,0,0,0,0,0,0,0,0,2.184818688,1.290866688,2.146378752,0,0,0.284095152,1.2022956,1.272359088,0,0,0,0,0,0,0,2.184818688,3.43724544,0,0,0,0,0.284095152,2.474654688,0,0,0,0,15.08983125,0,0,15.08983125,0.02,0,0.02,0
106,6,Control_15yr,0.224969132,2.350454918,2.54441088,5.11983493,0,5.492916,0,0,0,0,0,0,0,0,0,0,0,0,0,0,0,0.710622,3.3956208,1.3866732,0,0,0,0,0,0,0,0,0,0,0,0,0,0.710622,4.782294,0,0,0,0,10.61275093,0,0,10.61275093,0.885,0,0.885,0
106,8,Control_17yr,0.260678518,1.81320808,1.13084928,3.204735877,0,4.763088,0,0,0,0,0,0,0,0,0,0,0,0,0,0,0,0.38412,2.842488,1.53648,0,0,0,0,0,0,0,0,0,0,0,0,0,0.38412,4.378968,0,0,0,0,7.967823877,0,0,7.967823877,0.22,0,0.22,0
106,10,Control_19yr,0.224969132,2.148987354,1.4135616,3.787518085,0,1.48731264,0,0,0,0,0,0,0,0,0,0,0,0,0,0,0,1.48731264,0,0,0,0,0,0,0,0,0,0,0,0,0,0,0,1.48731264,0,0,0,0,0,5.274830725,0,0,5.274830725,0.025,0,0.025,0
106,12,Control_21yr,0.071418772,1.410272951,0,1.481691723,0.305955072,0.871030512,0,0,0,0,0,0,0,0,0,0,0.305955072,0,0,0,0,0.221867712,0.6491628,0,0,0,0,0,0,0,0,0.305955072,0,0,0,0,0,0.221867712,0.6491628,0,0,0,0,2.658677307,0,0,2.658677307,0.65,0,0.65,0
106,14,Control_23yr,0.542782667,2.619078337,1.69627392,4.858134924,1.740301056,0.677434032,0,0,0,0,0,0,0,0,0,0,0.549333504,1.190967552,0,0,0,0.677434032,0,0,0,0,0,0,0,0,0,0.549333504,1.190967552,0,0,0,0,0.677434032,0,0,0,0,0,7.275870012,0,0,7.275870012,0.275,0,0.275,0
107,3,Control_11yr,0.114270035,2.081831499,4.2406848,6.436786334,0,5.3623152,0,0,0,0,0,0,0,0,0,0,0,0,0,0,0,0.38412,0,0,4.9781952,0,0,0,0,0,0,0,0,0,0,0,0,0.38412,0,4.9781952,0,0,0,11.79910153,0,0,11.79910153,0.3,0,0.3,0
107,7,Control_16yr,0.221398193,1.611740515,0.56542464,2.398563348,5.8330368,2.5198272,0,0,0,0,0,0,0,0,0,0,0.3575808,1.0950912,0,4.3803648,0,0,0.9833472,1.53648,0,0,0,0,0,0,0,0.3575808,1.0950912,4.3803648,0,0,0,0,2.5198272,0,0,0,0,10.75142735,0,0,10.75142735,0.25,0,0.25,0
107,8,Control_17yr,0.185688807,1.611740515,0.84813696,2.645566282,5.5872,4.0870368,0,0,0,0,0,0,0,0,0,0,0,0,1.8102528,3.7769472,0,0.6299568,0,0,3.45708,0,0,0,0,0,0,0,1.8102528,3.7769472,0,0,0,0.6299568,0,3.45708,0,0,0,12.31980308,0,0,12.31980308,0.54,0,0.54,0
107,16,01Post,0.249965702,2.820545902,0.84813696,3.918648564,3.442385664,1.849307328,0,0,0,0,0,0,0,0,0,0,1.591681536,0,1.850704128,0,0,0.4916736,0,1.357633728,0,0,0,0,0,0,0,1.591681536,1.850704128,0,0,0,0,0.4916736,1.357633728,0,0,0,0,9.210341556,0,0,9.210341556,0.3,0,0.3,0
107,17,01yr01,0.182117869,0.671558548,0.28271232,1.136388737,2.696159232,1.388516976,0,0,0,0,0,0,0,0,0,0,1.119227904,1.576931328,0,0,0,1.388516976,0,0,0,0,0,0,0,0,0,1.119227904,1.576931328,0,0,0,0,1.388516976,0,0,0,0,0,5.221064945,0,0,5.221064945,0.075,0,0.075,0
107,18,01yr02,0.114270035,1.343117096,0.84813696,2.305524091,3.387631104,0.900684576,0,0,0,0,0,0,0,0,0,0,1.810699776,1.576931328,0,0,0,0.900684576,0,0,0,0,0,0,0,0,0,1.810699776,1.576931328,0,0,0,0,0.900684576,0,0,0,0,0,6.593839771,0,0,6.593839771,1,0,1,0
107,19,01yr03,0.089273465,1.208805386,1.13084928,2.428928131,0.55872,1.121784048,0,0,0,0,0,0,0,0,0,0,0.55872,0,0,0,0,0.411315696,0.710468352,0,0,0,0,0,0,0,0,0.55872,0,0,0,0,0,0.411315696,0.710468352,0,0,0,0,4.109432179,0,0,4.109432179,1,0,1,0
107,20,01yr04,0.174975991,2.081831499,0.84813696,3.10494445,0,1.809512496,0,0,0,0,0,0,0,0,0,0,0,0,0,0,0,1.099044144,0.710468352,0,0,0,0,0,0,0,0,0,0,0,0,0,0,1.099044144,0.710468352,0,0,0,0,4.914456946,0,0,4.914456946,0.4,0,0.4,0
108,5,Control_14yr,0.207114439,0.940181967,0.84813696,1.995433366,0,0,0,0,0,0,0,0,0,0,0,0,0,0,0,0,0,0,0,0,0,0,0,0,0,0,0,0,0,0,0,0,0,0,0,0,0,0,0,1.995433366,0,0,1.995433366,1.43,0,1.43,0
108,15,01Pre,0.157121298,1.343117096,1.97898624,3.479224634,0,0.5531328,0,0,0,0,0,0,0,0,0,0,0,0,0,0,0,0,0.5531328,0,0,0,0,0,0,0,0,0,0,0,0,0,0,0,0.5531328,0,0,0,0,4.032357434,0,0,4.032357434,1.355,0,1.355,0
108,16,01Post,0.139266605,2.417610773,0.56542464,3.122302018,5.282362368,1.416019968,0,0,0,0,0,0,0,0,0,0,0.48720384,2.73549312,2.059665408,0,0,0,0,1.416019968,0,0,0,0,0,0,0,0.48720384,4.795158528,0,0,0,0,0,1.416019968,0,0,0,0,9.820684354,0,0,9.820684354,0.325,0,0.325,0
108,17,01yr01,0.142837544,1.007337822,0.56542464,1.715600006,0,1.188928224,0,0,0,0,0,0,0,0,0,0,0,0,0,0,0,0.499202352,0.689725872,0,0,0,0,0,0,0,0,0,0,0,0,0,0,0.499202352,0.689725872,0,0,0,0,2.90452823,0,0,2.90452823,0.15,0,0.15,0
108,18,01yr02,0.142837544,1.007337822,0.56542464,1.715600006,2.328968448,1.560141792,0,0,0,0,0,0,0,0,0,0,0.6760512,1.652917248,0,0,0,0,1.560141792,0,0,0,0,0,0,0,0,0.6760512,1.652917248,0,0,0,0,0,1.560141792,0,0,0,0,5.604710246,0,0,5.604710246,0.47,0,0.47,0
108,19,01yr03,0.217827255,1.477428806,1.97898624,3.6742423,3.128385024,0.5531328,0,0,0,0,0,0,0,0,0,0,3.128385024,0,0,0,0,0,0.5531328,0,0,0,0,0,0,0,0,3.128385024,0,0,0,0,0,0,0.5531328,0,0,0,0,7.355760124,0,0,7.355760124,0.93,0,0.93,0
108,20,01yr04,0.414228878,2.619078337,2.26169856,5.295005775,3.278792448,1.113333408,0,0,0,0,0,0,0,0,0,0,2.419704576,0.859087872,0,0,0,0.44404272,0.669290688,0,0,0,0,0,0,0,0,2.419704576,0.859087872,0,0,0,0,0.44404272,0.669290688,0,0,0,0,9.687131631,0,0,9.687131631,0.265,0,0.265,0
109,3,Control_11yr,0.121411912,2.417610773,2.8271232,5.366145885,0,0.8296992,0,0,0,0,0,0,0,0,0,0,0,0,0,0,0,0.2765664,0.5531328,0,0,0,0,0,0,0,0,0,0,0,0,0,0,0.2765664,0.5531328,0,0,0,0,6.195845085,0,0,6.195845085,0.32,0,0.32,0
109,7,Control_16yr,0.214256316,2.148987354,1.69627392,4.05951759,4.1680512,0,0,0,0,0,0,0,0,0,0,0,1.1286144,0.8045568,2.23488,0,0,0,0,0,0,0,0,0,0,0,0,1.1286144,3.0394368,0,0,0,0,0,0,0,0,0,0,8.22756879,0,0,8.22756879,0.575,0,0.575,0
109,8,Control_17yr,0.12855379,1.208805386,1.69627392,3.033633096,15.336864,0.38412,0,0,0,0,0,0,0,0,0,0,0.810144,0,0,14.52672,0,0.38412,0,0,0,0,0,0,0,0,0,0.810144,0,14.52672,0,0,0,0.38412,0,0,0,0,0,18.7546171,0,0,18.7546171,0.1,0,0.1,0
109,11,Control_20yr,0.078560649,0.738714403,0.56542464,1.382699692,0.647444736,2.924228736,0,0,0,0,0,0,0,0,0,0,0.647444736,0,0,0,0,0.637331904,0,0,2.286896832,0,0,0,0,0,0,0.647444736,0,0,0,0,0,0.637331904,0,2.286896832,0,0,0,4.954373164,0,0,4.954373164,0.225,0,0.225,0
109,12,Control_21yr,0.103557219,0.873026112,0.56542464,1.542007972,3.62497536,3.581227584,0,0,0,0,0,0,0,0,0,0,0.871379712,0,2.753595648,0,0,0.863348112,0,0,2.717879472,0,0,0,0,0,0,0.871379712,2.753595648,0,0,0,0,0.863348112,0,2.717879472,0,0,0,8.748210916,0,0,8.748210916,1,0,1,0
109,13,Control_22yr,0.067847833,1.275961241,2.54441088,3.888219955,0.4525632,5.289486048,0,0,0,0,0,0,0,0,0,0,0.4525632,0,0,0,0,0.167322672,0,2.067487488,3.054675888,0,0,0,0,0,0,0.4525632,0,0,0,0,0,0.167322672,2.067487488,3.054675888,0,0,0,9.630269203,0,0,9.630269203,0.94,0,0.94,0
109,14,Control_23yr,0.371377614,1.410272951,2.26169856,4.043349125,3.553906176,3.594748608,0,0,0,0,0,0,0,0,0,0,0.700187904,0,2.853718272,0,0,0,0.7528752,0,2.841873408,0,0,0,0,0,0,0.700187904,2.853718272,0,0,0,0,0,0.7528752,2.841873408,0,0,0,11.19200391,0,0,11.19200391,0.22,0,0.22,0
110,5,Control_14yr,0.135695667,0.805870258,1.13084928,2.072415204,1.2738816,2.5198272,0,0,0,0,0,0,0,0,0,0,1.2738816,0,0,0,0,0,0.9833472,1.53648,0,0,0,0,0,0,0,1.2738816,0,0,0,0,0,0,2.5198272,0,0,0,0,5.866124004,0,0,5.866124004,0.38,0,0.38,0
110,8,Control_17yr,0.092844404,1.343117096,1.4135616,2.8495231,0.8045568,3.2112432,0,0,0,0,0,0,0,0,0,0,0,0.8045568,0,0,0,0.2458368,0.7528752,0,2.2125312,0,0,0,0,0,0,0,0.8045568,0,0,0,0,0.2458368,0.7528752,2.2125312,0,0,0,6.8653231,0,0,6.8653231,0,0,0,0
110,10,Control_19yr,0.110699097,2.417610773,2.54441088,5.072720749,0.514916352,1.058481072,0,0,0,0,0,0,0,0,0,0,0.514916352,0,0,0,0,0,1.058481072,0,0,0,0,0,0,0,0,0.514916352,0,0,0,0,0,0,1.058481072,0,0,0,0,6.646118173,0,0,6.646118173,0.075,0,0.075,0
110,12,Control_21yr,0.074989711,1.275961241,1.4135616,2.764512552,1.939205376,0.368908848,0,0,0,0,0,0,0,0,0,0,0.472900608,1.466304768,0,0,0,0.368908848,0,0,0,0,0,0,0,0,0,0.472900608,1.466304768,0,0,0,0,0.368908848,0,0,0,0,0,5.072626776,0,0,5.072626776,0.52,0,0.52,0
110,14,Control_23yr,0.321384474,3.022013466,2.26169856,5.6050965,0.866462976,1.644187248,0,0,0,0,0,0,0,0,0,0,0.866462976,0,0,0,0,0.399638448,0,1.2445488,0,0,0,0,0,0,0,0.866462976,0,0,0,0,0,0.399638448,1.2445488,0,0,0,0,8.115746724,0,0,8.115746724,0.125,0,0.125,0
111,24,02Pre,0.282104149,1.074493677,0.84813696,2.204734786,0,0,0,0,0,0,0,0,0,0,0,0,0,0,0,0,0,0,0,0,0,0,0,0,0,0,0,0,0,0,0,0,0,0,0,0,0,0,0,2.204734786,0,0,2.204734786,0.14,0,0.14,0
111,25,02Post,0.210685377,1.141649532,0.28271232,1.635047229,0,0,0,0,0,0,0,0,0,0,0,0,0,0,0,0,0,0,0,0,0,0,0,0,0,0,0,0,0,0,0,0,0,0,0,0,0,0,0,1.635047229,0,0,1.635047229,0.3,0,0.3,0
111,26,02yr01,0.335668228,2.014675644,1.13084928,3.481193152,1.4303232,0.4647852,0,0,0,0,0,0,0,0,0,0,0,1.4303232,0,0,0,0.4647852,0,0,0,0,0,0,0,0,0,0,1.4303232,0,0,0,0,0.4647852,0,0,0,0,0,5.376301552,0,0,5.376301552,0.32,0,0.32,0
111,27,02yr02,0.385661369,4.835221546,6.50238336,11.72326627,29.2322304,6.9602544,0,0,0,0,0,0,0,0,0,0,1.8326016,5.8553856,6.70464,14.8396032,0,0.38412,1.1062656,1.53648,3.9333888,0,0,0,0,0,0,1.8326016,12.5600256,14.8396032,0,0,0,0.38412,2.6427456,3.9333888,0,0,0,47.91575107,0,0,47.91575107,0.025,0,0.025,0
111,31,03Post,0.04999314,0.671558548,4.52339712,5.244948808,15.8564736,0.2458368,0,0,0,0,0,0,0,0,0,0,3.3634944,3.0394368,9.4535424,0,0,0.2458368,0,0,0,0,0,0,0,0,0,3.3634944,12.4929792,0,0,0,0,0.2458368,0,0,0,0,0,21.34725921,0,0,21.34725921,0,0,0,0
111,32,03yr01,0.071418772,1.947519789,6.50238336,8.521321921,22.99244544,7.281225072,0,0,0,0,0,0,0,0,0,0,3.339134208,2.16001152,9.862301952,7.63099776,0,0.561737088,1.971611136,1.2445488,3.503328048,0,0,0,0,0,0,3.339134208,12.02231347,7.63099776,0,0,0,0.561737088,3.216159936,3.503328048,0,0,0,38.79499243,0,0,38.79499243,0,0,0,0
111,33,03yr02,0.071418772,1.746052225,6.21967104,8.037142037,35.41122662,0,0,0,0,0,0,0,0,0,0,0,3.055974912,6.784648704,4.85639424,20.71420877,0,0,0,0,0,0,0,0,0,0,0,3.055974912,11.64104294,20.71420877,0,0,0,0,0,0,0,0,0,43.44836866,0,0,43.44836866,0,0,0,0
111,34,03yr03,0.210685377,1.746052225,3.10983552,5.066573122,40.2875113,0,0,0,0,0,0,0,0,0,0,0,2.568547584,5.795937792,7.009030656,24.91399526,0,0,0,0,0,0,0,0,0,0,0,2.568547584,12.80496845,24.91399526,0,0,0,0,0,0,0,0,0,45.35408442,0,0,45.35408442,0.75,0,0.75,0
111,35,03yr04,0.114270035,1.880363934,3.39254784,5.38718181,33.05968589,0,0,0,0,0,0,0,0,0,0,0,1.013965056,3.172188672,11.5599168,17.31361536,0,0,0,0,0,0,0,0,0,0,0,1.013965056,14.73210547,17.31361536,0,0,0,0,0,0,0,0,0,38.4468677,0,0,38.4468677,0.32,0,0.32,0
111,36,03yr05,0.303529781,2.753390047,4.2406848,7.297604628,33.67114906,0,0,0,0,0,0,0,0,0,0,0,2.9835648,4.974172416,10.27150848,15.44190336,0,0,0,0,0,0,0,0,0,0,0,2.9835648,15.2456809,15.44190336,0,0,0,0,0,0,0,0,0,40.96875368,0,0,40.96875368,0.18,0,0.18,0
112,24,02Pre,0.17854693,0.671558548,1.4135616,2.263667078,0,1.923519312,0,0,0,0,0,0,0,0,0,0,0,0,0,0,0,0.7605576,1.162961712,0,0,0,0,0,0,0,0,0,0,0,0,0,0,0.7605576,1.162961712,0,0,0,0,4.18718639,0,0,4.18718639,1.95,0,1.95,0
112,25,02Post,0.067847833,0.805870258,0.56542464,1.439142731,0,0,0,0,0,0,0,0,0,0,0,0,0,0,0,0,0,0,0,0,0,0,0,0,0,0,0,0,0,0,0,0,0,0,0,0,0,0,0,1.439142731,0,0,1.439142731,0.46,0,0.46,0
112,26,02yr01,0.185688807,2.014675644,0.56542464,2.765789091,1.5308928,2.5966512,0,0,0,0,0,0,0,0,0,0,0.726336,0.8045568,0,0,0,0,0,0,2.5966512,0,0,0,0,0,0,0.726336,0.8045568,0,0,0,0,0,0,2.5966512,0,0,0,6.893333091,0,0,6.893333091,0.82,0,0.82,0
112,27,02yr02,0.271391334,2.350454918,1.69627392,4.318120172,41.0044608,0.9833472,0,0,0,0,0,0,0,0,0,0,2.4416064,3.4696512,19.0914624,16.0017408,0,0,0.9833472,0,0,0,0,0,0,0,0,2.4416064,22.5611136,16.0017408,0,0,0,0,0.9833472,0,0,0,0,46.30592817,0,0,46.30592817,0.25,0,0.25,0
112,31,03Post,0.096415342,0.268623419,0.84813696,1.213175721,37.9985472,2.1280248,0,0,0,0,0,0,0,0,0,0,2.2237056,9.9284544,22.06944,3.7769472,0,0.883476,0,1.2445488,0,0,0,0,0,0,0,2.2237056,31.9978944,3.7769472,0,0,0,0.883476,1.2445488,0,0,0,0,41.33974772,0,0,41.33974772,0.1,0,0.1,0
112,32,03yr01,0.089273465,1.007337822,2.54441088,3.641022167,29.63339136,11.87115178,0,0,0,0,0,0,0,0,0,0,3.08860416,9.824979456,9.607525632,7.112282112,0,0.38412,2.286435888,2.067487488,7.1331084,0,0,0,0,0,0,3.08860416,19.43250509,7.112282112,0,0,0,0.38412,4.353923376,7.1331084,0,0,0,45.1455653,0,0,45.1455653,0,0,0,0
112,33,03yr02,0.132124728,1.074493677,2.54441088,3.751029285,56.48055782,3.464916048,0,0,0,0,0,0,0,0,0,0,4.542170112,13.29820646,15.56660966,23.07357158,0,0.986727456,0,0,2.478188592,0,0,0,0,0,0,4.542170112,28.86481613,23.07357158,0,0,0,0.986727456,0,2.478188592,0,0,0,63.69650316,0,0,63.69650316,0,0,0,0
112,34,03yr03,0.082131588,1.074493677,1.69627392,2.852899185,44.62742477,7.83912096,0,0,0,0,0,0,0,0,0,0,3.086816256,11.86810675,18.45206323,11.22043853,0,0.325119168,0,1.2445488,0,6.269452992,0,0,0,0,0,3.086816256,30.32016998,11.22043853,0,0,0,0.325119168,1.2445488,0,6.269452992,0,0,55.31944491,0,0,55.31944491,0,0,0,0
112,35,03yr04,0.071418772,0.738714403,3.10983552,3.919968695,27.85107456,17.27940773,0,0,0,0,0,0,0,0,0,0,3.262030848,9.849339648,10.84564915,3.894054912,0,1.108416672,0,7.376179536,8.79481152,0,0,0,0,0,0,3.262030848,20.6949888,3.894054912,0,0,0,1.108416672,7.376179536,8.79481152,0,0,0,49.05045098,0,0,49.05045098,0.15,0,0.15,0
112,36,03yr05,0.249965702,1.54458466,5.6542464,7.448796762,40.71169152,12.5338356,0,0,0,0,0,0,0,0,0,0,2.631794688,10.18412467,9.812464128,18.08330803,0,0.981657072,1.561217328,9.9909612,0,0,0,0,0,0,0,2.631794688,19.9965888,18.08330803,0,0,0,0.981657072,11.55217853,0,0,0,0,60.69432388,0,0,60.69432388,0.01,0,0.01,0
113,22,01yr11,0.342810106,0.873026112,0,1.215836218,0,0.1382832,0,0,0,0,0,0,0,0,0,0,0,0,0,0,0,0.1382832,0,0,0,0,0,0,0,0,0,0,0,0,0,0,0,0.1382832,0,0,0,0,0,1.354119418,0,0,1.354119418,0.39,0,0.39,0
113,24,02Pre,0.157121298,0.940181967,0.56542464,1.662727906,0,0,0,0,0,0,0,0,0,0,0,0,0,0,0,0,0,0,0,0,0,0,0,0,0,0,0,0,0,0,0,0,0,0,0,0,0,0,0,1.662727906,0,0,1.662727906,0.24,0,0.24,0
113,25,02Post,0.142837544,0.671558548,0.9423744,1.756770492,2.383872,0,0,0,0,0,0,0,0,0,0,0,0,2.383872,0,0,0,0,0,0,0,0,0,0,0,0,0,0,2.383872,0,0,0,0,0,0,0,0,0,0,4.140642492,0,0,4.140642492,1.5,0,1.5,0
113,26,02yr01,0.172595366,0.895411397,0.4711872,1.539193963,7.524096,0,0,0,0,0,0,0,0,0,0,0,0,0,7.524096,0,0,0,0,0,0,0,0,0,0,0,0,0,7.524096,0,0,0,0,0,0,0,0,0,0,9.063289963,0,0,9.063289963,0.575,0,0.575,0
113,27,02yr02,0.239252886,2.753390047,3.10983552,6.102478453,24.5948544,0,0,0,0,0,0,0,0,0,0,0,0.4525632,6.7772736,2.23488,15.1301376,0,0,0,0,0,0,0,0,0,0,0,0.4525632,9.0121536,15.1301376,0,0,0,0,0,0,0,0,0,30.69733285,0,0,30.69733285,0.3,0,0.3,0
113,31,03Post,0.17854693,1.67889637,3.10983552,4.96727882,16.3537344,1.7976816,0,0,0,0,0,0,0,0,0,0,1.0112832,4.1233536,1.8102528,9.4088448,0,0,0.5531328,1.2445488,0,0,0,0,0,0,0,1.0112832,5.9336064,9.4088448,0,0,0,0,1.7976816,0,0,0,0,23.11869482,0,0,23.11869482,0.025,0,0.025,0
113,32,03yr01,0.17854693,2.753390047,5.93695872,8.868895697,23.87008282,5.578651584,0,0,0,0,0,0,0,0,0,0,1.249074432,7.060432896,9.101772288,6.4588032,0,0,0.710468352,0,4.868183232,0,0,0,0,0,0,1.249074432,16.16220518,6.4588032,0,0,0,0,0.710468352,4.868183232,0,0,0,38.3176301,0,0,38.3176301,0,0,0,0
113,33,03yr02,0.096415342,1.746052225,3.10983552,4.952303087,34.61560934,2.945278512,0,0,0,0,0,0,0,0,0,0,3.671237376,4.57926912,8.207820288,18.15728256,0,0,0.9833472,1.961931312,0,0,0,0,0,0,0,3.671237376,12.78708941,18.15728256,0,0,0,0,2.945278512,0,0,0,0,42.51319094,0,0,42.51319094,0,0,0,0
113,34,03yr03,0.092844404,1.81320808,1.13084928,3.036901763,31.06729037,4.79228112,0,0,0,0,0,0,0,0,0,0,2.208955392,6.558925824,6.721178112,15.57823104,0,0,1.284650928,3.507630192,0,0,0,0,0,0,0,2.208955392,13.28010394,15.57823104,0,0,0,0,4.79228112,0,0,0,0,38.89647325,0,0,38.89647325,0.03,0,0.03,0
113,35,03yr04,0.089273465,2.283299063,3.67526016,6.047832688,17.26422451,12.27555331,0,0,0,0,0,0,0,0,0,0,0.722313216,4.703528448,8.00310528,3.835277568,0,0.978123168,0.571724208,3.437566704,7.288139232,0,0,0,0,0,0,0.722313216,12.70663373,3.835277568,0,0,0,0.978123168,4.009290912,7.288139232,0,0,0,35.58761051,0,0,35.58761051,0.46,0,0.46,0
113,36,03yr05,0.592775808,2.417610773,4.52339712,7.5337837,7.289284608,17.31735878,0,0,0,0,0,0,0,0,0,0,0.751366656,1.223820288,1.932947712,3.381149952,0,1.518656832,2.383695072,5.7387528,7.67625408,0,0,0,0,0,0,0.751366656,3.156768,3.381149952,0,0,0,1.518656832,8.122447872,7.67625408,0,0,0,32.14042709,0,0,32.14042709,0.225,0,0.225,0
114,4,Control_13yr,0.124982851,1.007337822,1.4135616,2.545882273,3.0841344,3.3495264,0,0,0,0,0,0,0,0,0,0,0.55872,2.5254144,0,0,0,0,0.7528752,0,2.5966512,0,0,0,0,0,0,0.55872,2.5254144,0,0,0,0,0,0.7528752,2.5966512,0,0,0,8.979543073,0,0,8.979543073,0.23,0,0.23,0
114,8,Control_17yr,0.164263176,1.007337822,0.84813696,2.019737958,9.502262784,2.545025472,0,0,0,0,0,0,0,0,0,0,0,0.859087872,0,8.643174912,0,0,0.7528752,1.792150272,0,0,0,0,0,0,0,0,0.859087872,8.643174912,0,0,0,0,2.545025472,0,0,0,0,14.06702621,0,0,14.06702621,0.623,0,0.623,0
114,9,Control_18yr,0.303529781,2.350454918,1.13084928,3.784833979,6.984893952,10.56268541,0,0,0,0,0,0,0,0,0,0,0.493684992,1.190967552,0,5.300241408,0,0.284095152,1.6632396,0,8.615350656,0,0,0,0,0,0,0.493684992,1.190967552,5.300241408,0,0,0,0.284095152,1.6632396,8.615350656,0,0,0,21.33241334,0,0,21.33241334,0.325,0,0.325,0
114,11,Control_20yr,0.22854007,1.208805386,2.26169856,3.699044017,24.01624397,0,0,0,0,0,0,0,0,0,0,0,1.122356736,3.105812736,2.655260928,17.13281357,0,0,0,0,0,0,0,0,0,0,0,1.122356736,5.761073664,17.13281357,0,0,0,0,0,0,0,0,0,27.71528798,0,0,27.71528798,1.625,0,1.625,0
114,13,Control_22yr,1.089136273,1.611740515,4.2406848,6.941561588,25.0791529,0,0,0,0,0,0,0,0,0,0,0,0.394232832,4.134528,4.763870208,15.78652186,0,0,0,0,0,0,0,0,0,0,0,0.394232832,8.898398208,15.78652186,0,0,0,0,0,0,0,0,0,32.02071448,0,0,32.02071448,0.335,0,0.335,0
115,21,01yr10,0.221398193,1.074493677,1.4135616,2.70945347,0.55872,1.2445488,0,0,0,0,0,0,0,0,0,0,0.55872,0,0,0,0,0,0,1.2445488,0,0,0,0,0,0,0,0.55872,0,0,0,0,0,0,1.2445488,0,0,0,0,4.51272227,0,0,4.51272227,0.43,0,0.43,0
115,23,01yr12,0.189259746,2.216143208,1.13084928,3.536252234,0.762317568,0.8949996,0,0,0,0,0,0,0,0,0,0,0.762317568,0,0,0,0,0.2458368,0.6491628,0,0,0,0,0,0,0,0,0.762317568,0,0,0,0,0,0.2458368,0.6491628,0,0,0,0,5.193569402,0,0,5.193569402,0.435,0,0.435,0
115,24,02Pre,0.460651079,1.746052225,1.69627392,3.902977224,5.9056704,2.2125312,0,0,0,0,0,0,0,0,0,0,0.3575808,5.5480896,0,0,0,0,0,0,2.2125312,0,0,0,0,0,0,0.3575808,5.5480896,0,0,0,0,0,0,2.2125312,0,0,0,12.02117882,0,0,12.02117882,0.35,0,0.35,0
115,25,02Post,0.110699097,0.537246838,0.56542464,1.213370575,9.0177408,4.9052124,0,0,0,0,0,0,0,0,0,0,0.2737728,0,8.743968,0,0,0.4647852,0,0,4.4404272,0,0,0,0,0,0,0.2737728,8.743968,0,0,0,0,0.4647852,0,4.4404272,0,0,0,15.13632378,0,0,15.13632378,0.135,0,0.135,0
115,26,02yr01,0.221398193,2.417610773,1.69627392,4.335282886,10.80877363,5.60892024,0,0,0,0,0,0,0,0,0,0,0.532124928,0.831598848,9.445049856,0,0,0,0,1.272359088,4.336561152,0,0,0,0,0,0,0.532124928,10.2766487,0,0,0,0,0,1.272359088,4.336561152,0,0,0,20.75297676,0,0,20.75297676,0.025,0,0.025,0
115,27,02yr02,0.167834114,0.738714403,0.56542464,1.471973157,12.48716851,3.322177056,0,0,0,0,0,0,0,0,0,0,2.12648832,0,10.36068019,0,0,0,0.571724208,2.750452848,0,0,0,0,0,0,0,2.12648832,10.36068019,0,0,0,0,0,3.322177056,0,0,0,0,17.28131873,0,0,17.28131873,0,0,0,0
115,28,02yr03,0.092844404,0.738714403,0.84813696,1.679695766,12.86463974,1.721472192,0,0,0,0,0,0,0,0,0,0,1.700967168,1.691580672,9.472091904,0,0,0.2458368,0,1.475635392,0,0,0,0,0,0,0,1.700967168,11.16367258,0,0,0,0,0.2458368,1.475635392,0,0,0,0,16.2658077,0,0,16.2658077,0.14,0,0.14,0
115,29,02yr04,0.103557219,1.074493677,1.4135616,2.591612496,7.794814464,5.383364976,0,0,0,0,0,0,0,0,0,0,1.960213248,3.081005568,2.753595648,0,0,0.431597232,0,4.951767744,0,0,0,0,0,0,0,1.960213248,5.834601216,0,0,0,0,0.431597232,4.951767744,0,0,0,0,15.76979194,0,0,15.76979194,0.22,0,0.22,0
115,30,02yr05,0.94272779,0.805870258,1.97898624,3.727584288,14.67399859,7.710978528,0,0,0,0,0,0,0,0,0,0,1.965800448,4.809014784,4.294545408,3.604637952,0,0,1.008084528,3.245814,3.45708,0,0,0,0,0,0,1.965800448,9.103560192,3.604637952,0,0,0,0,4.253898528,3.45708,0,0,0,26.11256141,0,0,26.11256141,0.125,0,0.125,0
116,4,Control_13yr,0.065467208,1.231190671,1.8847488,3.181406679,0,0,0,0,0,0,0,0,0,0,0,0,0,0,0,0,0,0,0,0,0,0,0,0,0,0,0,0,0,0,0,0,0,0,0,0,0,0,0,3.181406679,0,0,3.181406679,0.55,0,0.55,0
116,8,Control_17yr,0.02499657,0.738714403,1.13084928,1.894560253,2.514016512,1.253921328,0,0,0,0,0,0,0,0,0,0,0.228851712,2.2851648,0,0,0,1.253921328,0,0,0,0,0,0,0,0,0,0.228851712,2.2851648,0,0,0,0,1.253921328,0,0,0,0,0,5.662498093,0,0,5.662498093,0.558,0,0.558,0
116,9,Control_18yr,0.242823825,2.216143208,1.4135616,3.872528633,7.363706112,0.986112864,0,0,0,0,0,0,0,0,0,0,0,3.586758912,0,3.7769472,0,0.167322672,0.818790192,0,0,0,0,0,0,0,0,0,3.586758912,3.7769472,0,0,0,0.167322672,0.818790192,0,0,0,0,12.22234761,0,0,12.22234761,0.245,0,0.245,0
116,11,Control_20yr,0.103557219,0.738714403,1.4135616,2.255833222,11.63098598,0,0,0,0,0,0,0,0,0,0,0,0,4.913830656,2.7042048,4.012950528,0,0,0,0,0,0,0,0,0,0,0,0,7.618035456,4.012950528,0,0,0,0,0,0,0,0,0,13.88681921,0,0,13.88681921,0.575,0,0.575,0
116,13,Control_22yr,0.353522921,1.67889637,0.84813696,2.880556251,10.76429952,0,0,0,0,0,0,0,0,0,0,0,0,3.133525248,7.630774272,0,0,0,0,0,0,0,0,0,0,0,0,0,10.76429952,0,0,0,0,0,0,0,0,0,0,13.64485577,0,0,13.64485577,0.25,0,0.25,0
117,21,01yr10,0.15355036,0.805870258,1.69627392,2.655694537,20.0692224,0,0,0,0,0,0,0,0,0,0,0,0,0,0,3.7769472,16.2922752,0,0,0,0,0,0,0,0,0,0,0,0,3.7769472,16.2922752,0,0,0,0,0,0,0,0,22.72491694,0,0,22.72491694,0.31,0,0.31,0
117,23,01yr12,0.117840974,3.156325176,3.10983552,6.384001669,5.02848,0,0,0,0,0,0,0,0,0,0,0,0,0,0,5.02848,0,0,0,0,0,0,0,0,0,0,0,0,0,5.02848,0,0,0,0,0,0,0,0,0,11.41248167,0,0,11.41248167,0.31,0,0.31,0
117,24,02Pre,0.421370755,1.67889637,1.4135616,3.513828725,0,2.3508144,0,0,0,0,0,0,0,0,0,0,0,0,0,0,0,0.4916736,0,1.8591408,0,0,0,0,0,0,0,0,0,0,0,0,0,0.4916736,1.8591408,0,0,0,0,5.864643125,0,0,5.864643125,0.65,0,0.65,0
117,25,02Post,0.107128158,1.208805386,0.56542464,1.881358184,3.492,3.9525948,0,0,0,0,0,0,0,0,0,0,0,0,0,3.492,0,0.6030684,0.7528752,0,2.5966512,0,0,0,0,0,0,0,0,3.492,0,0,0,0.6030684,0.7528752,2.5966512,0,0,0,9.325952984,0,0,9.325952984,0.475,0,0.475,0
117,26,02yr01,0.174975991,3.022013466,3.39254784,6.589537297,9.44683776,1.19768616,0,0,0,0,0,0,0,0,0,0,0.472900608,0,0,8.973937152,0,0.587857248,0.609828912,0,0,0,0,0,0,0,0,0.472900608,0,8.973937152,0,0,0,0.587857248,0.609828912,0,0,0,0,17.23406122,0,0,17.23406122,0.15,0,0.15,0
117,27,02yr02,0.146408483,0.805870258,1.97898624,2.93126498,4.4027136,0.598919904,0,0,0,0,0,0,0,0,0,0,1.1844864,0,0,3.2182272,0,0.598919904,0,0,0,0,0,0,0,0,0,1.1844864,0,3.2182272,0,0,0,0.598919904,0,0,0,0,0,7.932898484,0,0,7.932898484,0.125,0,0.125,0
117,28,02yr03,0.060705956,0.805870258,2.26169856,3.128274774,5.023563264,0.325119168,0,0,0,0,0,0,0,0,0,0,1.475467776,0,0,3.548095488,0,0.325119168,0,0,0,0,0,0,0,0,0,1.475467776,0,3.548095488,0,0,0,0.325119168,0,0,0,0,0,8.476957206,0,0,8.476957206,0.42,0,0.42,0
117,29,02yr04,0.149979421,1.947519789,1.13084928,3.22834849,0.55872,3.098158272,0,0,0,0,0,0,0,0,0,0,0.55872,0,0,0,0,0,0,0,3.098158272,0,0,0,0,0,0,0.55872,0,0,0,0,0,0,0,3.098158272,0,0,0,6.885226762,0,0,6.885226762,0.82,0,0.82,0
117,30,02yr05,0.335668228,1.410272951,3.10983552,4.855776699,2.102798592,0,0,0,0,0,0,0,0,0,0,0,0,0,2.102798592,0,0,0,0,0,0,0,0,0,0,0,0,0,2.102798592,0,0,0,0,0,0,0,0,0,0,6.958575291,0,0,6.958575291,0.05,0,0.05,0
118,4,Control_13yr,0.057135018,0.940181967,0.28271232,1.280029305,0.3575808,0.7989696,0,0,0,0,0,0,0,0,0,0,0.3575808,0,0,0,0,0.2458368,0.5531328,0,0,0,0,0,0,0,0,0.3575808,0,0,0,0,0,0.2458368,0.5531328,0,0,0,0,2.436579705,0,0,2.436579705,0.325,0,0.325,0
118,8,Control_17yr,0.246394763,1.343117096,1.13084928,2.720361139,7.850909952,0,0,0,0,0,0,0,0,0,0,0,0,0,2.9556288,4.895281152,0,0,0,0,0,0,0,0,0,0,0,0,2.9556288,4.895281152,0,0,0,0,0,0,0,0,0,10.57127109,0,0,10.57127109,1.633,0,1.633,0
118,9,Control_18yr,0.232111009,2.686234192,4.2406848,7.159030001,8.37186048,0.4647852,0,0,0,0,0,0,0,0,0,0,0,1.033408512,2.7042048,4.634247168,0,0.4647852,0,0,0,0,0,0,0,0,0,0,3.737613312,4.634247168,0,0,0,0.4647852,0,0,0,0,0,15.99567568,0,0,15.99567568,0.285,0,0.285,0
118,11,Control_20yr,0.135695667,1.67889637,2.8271232,4.641715237,7.772242176,2.5889688,0,0,0,0,0,0,0,0,0,0,0.633811968,4.434225408,2.7042048,0,0,0.1882188,0,0,2.40075,0,0,0,0,0,0,0.633811968,7.138430208,0,0,0,0,0.1882188,0,2.40075,0,0,0,15.00292621,0,0,15.00292621,1.135,0,1.135,0
118,13,Control_22yr,0.460651079,2.350454918,2.8271232,5.638229197,5.284820736,0,0,0,0,0,0,0,0,0,0,0,0.375683328,2.39802624,2.511111168,0,0,0,0,0,0,0,0,0,0,0,0,0.375683328,4.909137408,0,0,0,0,0,0,0,0,0,0,10.92304993,0,0,10.92304993,0.835,0,0.835,0
119,24,02Pre,0.207114439,0.940181967,0.56542464,1.712721046,0.3575808,3.6568224,0,0,0,0,0,0,0,0,0,0,0.3575808,0,0,0,0,1.0448064,2.612016,0,0,0,0,0,0,0,0,0.3575808,0,0,0,0,0,1.0448064,2.612016,0,0,0,0,5.727124246,0,0,5.727124246,0.16,0,0.16,0
119,25,02Post,0.077370336,0.895411397,0,0.972781734,0,0.409728,0,0,0,0,0,0,0,0,0,0,0,0,0,0,0,0.409728,0,0,0,0,0,0,0,0,0,0,0,0,0,0,0,0.409728,0,0,0,0,0,1.382509734,0,0,1.382509734,0.083333333,0,0.083333333,0
119,26,02yr01,0.059515643,1.343117096,0.4711872,1.873819939,0,14.750208,0,0,0,0,0,0,0,0,0,0,0,0,0,0,0,0,0,0,0,14.750208,0,0,0,0,0,0,0,0,0,0,0,0,0,0,14.750208,0,0,16.62402794,0,0,16.62402794,0.816666667,0,0.816666667,0
119,27,02yr02,0.242823825,1.208805386,0.28271232,1.734341531,2.23488,6.91416,0,0,0,0,0,0,0,0,0,0,0,0,2.23488,0,0,0,3.1651488,1.53648,2.2125312,0,0,0,0,0,0,0,2.23488,0,0,0,0,0,4.7016288,2.2125312,0,0,0,10.88338153,0,0,10.88338153,0.37,0,0.37,0
119,31,03Post,0.057135018,0.738714403,0.56542464,1.36127406,3.240576,0,0,0,0,0,0,0,0,0,0,0,0,1.4303232,1.8102528,0,0,0,0,0,0,0,0,0,0,0,0,0,3.240576,0,0,0,0,0,0,0,0,0,0,4.60185006,0,0,4.60185006,0.04,0,0.04,0
119,32,03yr01,0.149979421,1.074493677,0.28271232,1.507185418,2.1901824,0,0,0,0,0,0,0,0,0,0,0,0,2.1901824,0,0,0,0,0,0,0,0,0,0,0,0,0,0,2.1901824,0,0,0,0,0,0,0,0,0,0,3.697367818,0,0,3.697367818,0,0,0,0
119,33,03yr02,0.103557219,0.940181967,0.56542464,1.609163827,2.5254144,0,0,0,0,0,0,0,0,0,0,0,0,2.5254144,0,0,0,0,0,0,0,0,0,0,0,0,0,0,2.5254144,0,0,0,0,0,0,0,0,0,0,4.134578227,0,0,4.134578227,0.1,0,0.1,0
119,47,BTr01Pre,0.271391334,1.074493677,0.84813696,2.19402197,0,2.0896128,0,0,0,0,0,0,0,0,0,0,0,0,0,0,0,0,0.5531328,1.53648,0,0,0,0,0,0,0,0,0,0,0,0,0,0,2.0896128,0,0,0,0,4.28363477,0,0,4.28363477,0.025,0,0.025,0
119,48,BTr01Post,0.290138761,1.343117096,0.7067808,2.340036657,0.251424,0.2352735,0,0,0,0,0,0,0,0,0,0,0.251424,0,0,0,0,0.2352735,0,0,0,0,0,0,0,0,0,0.251424,0,0,0,0,0,0.2352735,0,0,0,0,0,2.826734157,0,0,2.826734157,0.0625,0,0.0625,0
119,49,BTr01yr01,0.117840974,1.477428806,1.4135616,3.008831379,0.322716672,0.199127808,0,0,0,0,0,0,0,0,0,0,0.322716672,0,0,0,0,0.199127808,0,0,0,0,0,0,0,0,0,0.322716672,0,0,0,0,0,0.199127808,0,0,0,0,0,3.530675859,0,0,3.530675859,0.25,0,0.25,0
119,50,BTr01yr02,0.139266605,2.216143208,2.8271232,5.182533014,4.749790464,1.254996864,0,0,0,0,0,0,0,0,0,0,0.243378432,0,0,4.506412032,0,1.254996864,0,0,0,0,0,0,0,0,0,0.243378432,0,4.506412032,0,0,0,1.254996864,0,0,0,0,0,11.18732034,0,0,11.18732034,0.375,0,0.375,0
119,51,BTr01yr03,0.139266605,0.873026112,1.69627392,2.708566638,3.485518848,0.96875064,0,0,0,0,0,0,0,0,0,0,0.243378432,3.242140416,0,0,0,0.339408432,0.629342208,0,0,0,0,0,0,0,0,0.243378432,3.242140416,0,0,0,0,0.339408432,0.629342208,0,0,0,0,7.162836126,0,0,7.162836126,0.15,0,0.15,0
119,52,BTr01_04Pre,0.085702526,1.208805386,1.13084928,2.425357193,1.025586432,0.221867712,0,0,0,0,0,0,0,0,0,0,1.025586432,0,0,0,0,0.221867712,0,0,0,0,0,0,0,0,0,1.025586432,0,0,0,0,0,0.221867712,0,0,0,0,0,3.672811337,0,0,3.672811337,0.55,0,0.55,0
119,53,BTr01_04Post,0.182117869,0.537246838,1.69627392,2.415638627,1.34204544,0.783758448,0,0,0,0,0,0,0,0,0,0,1.34204544,0,0,0,0,0.783758448,0,0,0,0,0,0,0,0,0,1.34204544,0,0,0,0,0,0.783758448,0,0,0,0,0,4.541442515,0,0,4.541442515,0.45,0,0.45,0
119,54,BTr01_04yr01,0.610630501,1.074493677,1.4135616,3.098685777,3.205264896,2.304566352,0,0,0,0,0,0,0,0,0,0,0.925463808,0,2.279801088,0,0,1.060017552,0,1.2445488,0,0,0,0,0,0,0,0.925463808,2.279801088,0,0,0,0,1.060017552,1.2445488,0,0,0,0,8.608517025,0,0,8.608517025,0.275,0,0.275,0
119,55,BTr01_05Post,0.274962272,0.738714403,0.56542464,1.579101315,2.7265536,0.3111372,0,0,0,0,0,0,0,0,0,0,0.9163008,0,1.8102528,0,0,0.3111372,0,0,0,0,0,0,0,0,0,0.9163008,1.8102528,0,0,0,0,0.3111372,0,0,0,0,0,4.616792115,0,0,4.616792115,0.21,0,0.21,0
120,5,Control_14yr,0.235681948,2.686234192,1.13084928,4.05276542,6.1235712,3.4493976,0,0,0,0,0,0,0,0,0,0,0.9051264,2.9835648,2.23488,0,0,0.38412,3.0652776,0,0,0,0,0,0,0,0,0.9051264,5.2184448,0,0,0,0,0.38412,3.0652776,0,0,0,0,13.62573422,0,0,13.62573422,1.91,0,1.91,0
120,9,Control_18yr,0.085702526,1.074493677,2.54441088,3.704607083,8.103227904,7.26985512,0,0,0,0,0,0,0,0,0,0,0.627777792,1.359700992,2.102798592,4.012950528,0,2.458060704,0.818790192,1.475635392,2.517368832,0,0,0,0,0,0,0.627777792,3.462499584,4.012950528,0,0,0,2.458060704,2.294425584,2.517368832,0,0,0,19.07769011,0,0,19.07769011,1.105,0,1.105,0
120,11,Control_20yr,0.099986281,0.402935129,0.84813696,1.35105837,7.783863552,6.547094928,0,0,0,0,0,0,0,0,0,0,0.55872,0,3.6205056,3.604637952,0,1.126854432,0.571724208,4.848516288,0,0,0,0,0,0,0,0.55872,3.6205056,3.604637952,0,0,0,1.126854432,5.420240496,0,0,0,0,15.68201685,0,0,15.68201685,0.45,0,0.45,0
120,13,Control_22yr,0.053564079,0.738714403,1.13084928,1.923127762,11.72283955,5.733528768,0,0,0,0,0,0,0,0,0,0,0,1.652917248,0,10.0699223,0,0.516564576,1.722855024,1.2445488,2.249560368,0,0,0,0,0,0,0,1.652917248,10.0699223,0,0,0,0.516564576,2.967403824,2.249560368,0,0,0,19.37949608,0,0,19.37949608,1.29,0,1.29,0
120,14,Control_23yr,0.607059562,0.738714403,1.4135616,2.759335565,17.33998694,1.870818048,0,0,0,0,0,0,0,0,0,0,1.00346112,2.685655296,4.274208,9.376662528,0,0,1.870818048,0,0,0,0,0,0,0,0,1.00346112,6.959863296,9.376662528,0,0,0,0,1.870818048,0,0,0,0,21.97014056,0,0,21.97014056,0.3,0,0.3,0
120,16,01Post,0.226159445,0.111926425,0,0.338085869,0,9.039624,0,0,0,0,0,0,0,0,0,0,0,0,0,0,0,0,1.638912,0,7.400712,0,0,0,0,0,0,0,0,0,0,0,0,0,1.638912,7.400712,0,0,0,9.377709869,0,0,9.377709869,1.216666667,0,1.216666667,0
121,24,02Pre,0.107128158,0.470090984,1.69627392,2.273493062,2.570112,3.5953632,0,0,0,0,0,0,0,0,0,0,1.4750208,1.0950912,0,0,0,0.6299568,0.7528752,0,2.2125312,0,0,0,0,0,0,1.4750208,1.0950912,0,0,0,0,0.6299568,0.7528752,2.2125312,0,0,0,8.438968262,0,0,8.438968262,0.15,0,0.15,0
121,25,02Post,0.053564079,0.470090984,1.69627392,2.219928983,1.11744,1.1369952,0,0,0,0,0,0,0,0,0,0,1.11744,0,0,0,0,0.38412,0.7528752,0,0,0,0,0,0,0,0,1.11744,0,0,0,0,0,0.38412,0.7528752,0,0,0,0,4.474364183,0,0,4.474364183,0.16,0,0.16,0
121,26,02yr01,0.067847833,0.604402693,1.69627392,2.368524447,3.314103552,0.887470848,0,0,0,0,0,0,0,0,0,0,1.425629952,1.8884736,0,0,0,0,0.887470848,0,0,0,0,0,0,0,0,1.425629952,1.8884736,0,0,0,0,0,0.887470848,0,0,0,0,6.570098847,0,0,6.570098847,0.71,0,0.71,0
121,27,02yr02,0.114270035,1.81320808,1.4135616,3.341039715,6.3302976,0,0,0,0,0,0,0,0,0,0,0,1.8940608,2.2013568,2.23488,0,0,0,0,0,0,0,0,0,0,0,0,1.8940608,4.4362368,0,0,0,0,0,0,0,0,0,0,9.671337315,0,0,9.671337315,0.14,0,0.14,0
121,31,03Post,0.042851263,0.671558548,1.69627392,2.410683731,8.269056,0.2458368,0,0,0,0,0,0,0,0,0,0,0.3575808,1.899648,2.23488,3.7769472,0,0.2458368,0,0,0,0,0,0,0,0,0,0.3575808,4.134528,3.7769472,0,0,0,0.2458368,0,0,0,0,0,10.92557653,0,0,10.92557653,0.01,0,0.01,0
121,32,03yr01,0.114270035,0.805870258,1.4135616,2.333701893,13.3506144,0.5531328,0,0,0,0,0,0,0,0,0,0,1.2878496,1.25712,2.9556288,7.850016,0,0,0.5531328,0,0,0,0,0,0,0,0,1.2878496,4.2127488,7.850016,0,0,0,0,0.5531328,0,0,0,0,16.23744909,0,0,16.23744909,0.01,0,0.01,0
121,33,03yr02,0.121411912,2.283299063,2.54441088,4.949121856,10.8447552,0.2458368,0,0,0,0,0,0,0,0,0,0,2.6203968,3.8439936,0,4.3803648,0,0.2458368,0,0,0,0,0,0,0,0,0,2.6203968,3.8439936,4.3803648,0,0,0,0.2458368,0,0,0,0,0,16.03971386,0,0,16.03971386,0,0,0,0
121,47,BTr01Pre,0.142837544,1.67889637,1.4135616,3.235295514,20.0748096,0,0,0,0,0,0,0,0,0,0,0,2.0616768,2.5254144,0,15.4877184,0,0,0,0,0,0,0,0,0,0,0,2.0616768,2.5254144,15.4877184,0,0,0,0,0,0,0,0,0,23.31010511,0,0,23.31010511,0,0,0,0
121,48,BTr01Post,0.22854007,1.947519789,2.26169856,4.43775842,9.35856,0.1882188,0,0,0,0,0,0,0,0,0,0,1.843776,4.2965568,0,3.2182272,0,0.1882188,0,0,0,0,0,0,0,0,0,1.843776,4.2965568,3.2182272,0,0,0,0.1882188,0,0,0,0,0,13.98453722,0,0,13.98453722,0.2,0,0.2,0
121,49,BTr01yr01,0.04999314,0.335779274,0.28271232,0.668484734,10.3660439,1.19000376,0,0,0,0,0,0,0,0,0,0,0.413229312,2.773262592,1.8102528,5.3692992,0,0.63687096,0.5531328,0,0,0,0,0,0,0,0,0.413229312,4.583515392,5.3692992,0,0,0,0.63687096,0.5531328,0,0,0,0,12.2245324,0,0,12.2245324,0.225,0,0.225,0
121,50,BTr01yr02,0.110699097,1.54458466,0.84813696,2.503420717,15.08186419,8.511791904,0,0,0,0,0,0,0,0,0,0,1.67280768,2.08290816,5.676148224,5.650000128,0,1.231181424,0.86427,0,6.41634048,0,0,0,0,0,0,1.67280768,7.759056384,5.650000128,0,0,0,1.231181424,0.86427,6.41634048,0,0,0,26.09707681,0,0,26.09707681,0.15,0,0.15,0
121,51,BTr01yr03,0.053564079,0.805870258,2.26169856,3.121132897,19.19784269,0.710468352,0,0,0,0,0,0,0,0,0,0,1.916186112,3.76130304,1.932947712,11.58740582,0,0.157335552,0.5531328,0,0,0,0,0,0,0,0,1.916186112,5.694250752,11.58740582,0,0,0,0.157335552,0.5531328,0,0,0,0,23.02944394,0,0,23.02944394,0.3,0,0.3,0
121,52,BTr01_04Pre,0.035709386,1.141649532,1.4135616,2.590920518,9.248156928,8.058530304,0,0,0,0,0,0,0,0,0,0,0.59559552,2.128499712,2.511111168,4.012950528,0,0.66913704,0,2.629992816,4.759400448,0,0,0,0,0,0,0.59559552,4.63961088,4.012950528,0,0,0,0.66913704,2.629992816,4.759400448,0,0,0,19.89760775,0,0,19.89760775,0.27,0,0.27,0
121,53,BTr01_04Post,0.124982851,1.141649532,1.13084928,2.397481663,3.80041344,1.807822368,0,0,0,0,0,0,0,0,0,0,0,1.99016064,1.8102528,0,0,0.67144176,1.136380608,0,0,0,0,0,0,0,0,0,3.80041344,0,0,0,0,0.67144176,1.136380608,0,0,0,0,8.005717471,0,0,8.005717471,0.43,0,0.43,0
121,54,BTr01_04yr01,0.410657939,1.477428806,2.26169856,4.149785305,9.493546752,0.258282288,0,0,0,0,0,0,0,0,0,0,1.312768512,3.737613312,0,4.443164928,0,0.258282288,0,0,0,0,0,0,0,0,0,1.312768512,3.737613312,4.443164928,0,0,0,0.258282288,0,0,0,0,0,13.90161434,0,0,13.90161434,0.175,0,0.175,0
121,55,BTr01_05Post,0.453509202,1.208805386,1.4135616,3.075876189,5.4084096,8.4045456,0,0,0,0,0,0,0,0,0,0,0,0,5.4084096,0,0,0.2458368,1.306008,1.2445488,5.608152,0,0,0,0,0,0,0,5.4084096,0,0,0,0,0.2458368,2.5505568,5.608152,0,0,0,16.88883139,0,0,16.88883139,0.4,0,0.4,0
122,5,Control_14yr,0.096415342,1.074493677,0.28271232,1.453621339,0,2.6734752,0,0,0,0,0,0,0,0,0,0,0,0,0,0,0,0.38412,2.2893552,0,0,0,0,0,0,0,0,0,0,0,0,0,0,0.38412,2.2893552,0,0,0,0,4.127096539,0,0,4.127096539,0.89,0,0.89,0
122,9,Control_18yr,0.085702526,0.738714403,1.4135616,2.237978529,11.08723968,7.589289312,0,0,0,0,0,0,0,0,0,0,0.214771968,0,1.932947712,0,8.93952,1.839627504,0,2.7810288,2.968633008,0,0,0,0,0,0,0.214771968,1.932947712,0,8.93952,0,0,1.839627504,2.7810288,2.968633008,0,0,0,20.91450752,0,0,20.91450752,1.32,0,1.32,0
122,11,Control_20yr,0.110699097,0.604402693,1.13084928,1.84595107,11.1482519,12.08595168,0,0,0,0,0,0,0,0,0,0,1.664315136,0,0,0,9.483936768,1.87604208,0.5531328,3.420358128,6.236418672,0,0,0,0,0,0,1.664315136,0,0,9.483936768,0,0,1.87604208,3.973490928,6.236418672,0,0,0,25.08015465,0,0,25.08015465,1.25,0,1.25,0
122,13,Control_22yr,0.053564079,0.604402693,1.69627392,2.354240692,0.2011392,13.3286567,0,0,0,0,0,0,0,0,0,0,0.2011392,0,0,0,0,1.707490224,3.588141744,1.825491888,0,6.207532848,0,0,0,0,0,0.2011392,0,0,0,0,0,1.707490224,5.413633632,0,6.207532848,0,0,15.8840366,0,0,15.8840366,1.53,0,1.53,0
122,14,Control_23yr,0.503502343,1.947519789,3.10983552,5.560857652,4.191293952,8.205264144,0,0,0,0,0,0,0,0,0,0,1.301147136,0.915406848,1.974739968,0,0,0.641941344,1.660781232,0,5.902541568,0,0,0,0,0,0,1.301147136,2.890146816,0,0,0,0,0.641941344,1.660781232,5.902541568,0,0,0,17.95741575,0,0,17.95741575,0.027777778,0,0.027777778,0
122,16,01Post,0.172595366,0.223852849,0,0.396448215,0,15.441624,0,0,0,0,0,0,0,0,0,0,0,0,0,0,0,2.509584,2.5608,2.074248,8.296992,0,0,0,0,0,0,0,0,0,0,0,0,2.509584,4.635048,8.296992,0,0,0,15.83807222,0,0,15.83807222,1.25,0,1.25,0
